playlistID,nunique
UU3sznuotAs2ohg_U__Jzj_Q,1
UU64UiPJwM_e9AqAd7RiD7JA,1
UU6nSFpj9HTCZ5t-N3Rm3-HA,1
UU7_gcs09iThXybpVgjHZ_7g,1
UU9Ep0Y4T5rvUuIfjKN1wqTw,1
UU9RM-iSvTu1uPJb8X5yp3EQ,1
UUCODtTcd5M1JavPCOr_Uydg,1
UUH4BNI0-FOK2dMXoFtViWHw,1
UUHnyfMqiRRG1u-2MsSQLbXA,1
UULXo7UDZvByw2ixzpQCufnA,1
UUP5tjEmvPItGyLhmjdwP7Ww,1
UUR1IuLEqb6UEA_zQ81kwXfg,1
UURcgy6GzDeccI7dkbbBna3Q,1
UURyIP2oznv4UPAl1jmKS5kA,1
UUVLZmDKeT-mV4H3ToYXIFYg,1
UUX6b17PVsYBQ0ip5gyeme-Q,1
UUYO_jab_esuFRV4b17AJtAw,1
UUZWlSUNDvCCS1hBiXV0zKcA,1
UUZYTClx2T1of7BRZ86-8fow,1
UUfdNM3NAhaBOXCafH7krzrA,1
UUftwRNsjfRo08xYE31tkiyw,1
UUkJEpR7JmS36tajD34Gp4VA,1
UUpJmBQ8iNHXeQ7jQWDyGe3A,1
UUphTF9wHwhCt-BzIq-s4V-g,1
UUsooa4yRKGN_zEE8iknghZA,1
playlistID,1
